day,pdf,cdf
238.00,0.000032,0.000000
238.25,0.000037,0.000009
238.50,0.000043,0.000019
238.75,0.000050,0.000030
239.00,0.000058,0.000044
239.25,0.000067,0.000060
239.50,0.000078,0.000078
239.75,0.000089,0.000099
240.00,0.000101,0.000122
240.25,0.000115,0.000149
240.50,0.000130,0.000180
240.75,0.000147,0.000215
241.00,0.000165,0.000254
241.25,0.000184,0.000297
241.50,0.000205,0.000346
241.75,0.000228,0.000400
242.00,0.000253,0.000460
242.25,0.000279,0.000527
242.50,0.000306,0.000600
242.75,0.000336,0.000680
243.00,0.000366,0.000768
243.25,0.000399,0.000864
243.50,0.000433,0.000968
243.75,0.000469,0.001080
244.00,0.000507,0.001202
244.25,0.000546,0.001334
244.50,0.000586,0.001475
244.75,0.000628,0.001627
245.00,0.000672,0.001790
245.25,0.000717,0.001964
245.50,0.000764,0.002149
245.75,0.000812,0.002346
246.00,0.000862,0.002555
246.25,0.000913,0.002777
246.50,0.000966,0.003012
246.75,0.001020,0.003260
247.00,0.001076,0.003522
247.25,0.001134,0.003798
247.50,0.001194,0.004089
247.75,0.001255,0.004395
248.00,0.001319,0.004717
248.25,0.001384,0.005055
248.50,0.001452,0.005409
248.75,0.001522,0.005781
249.00,0.001594,0.006171
249.25,0.001669,0.006578
249.50,0.001746,0.007005
249.75,0.001826,0.007452
250.00,0.001909,0.007919
250.25,0.001995,0.008407
250.50,0.002084,0.008917
250.75,0.002176,0.009450
251.00,0.002272,0.010006
251.25,0.002370,0.010586
251.50,0.002472,0.011191
251.75,0.002578,0.011823
252.00,0.002687,0.012481
252.25,0.002800,0.013167
252.50,0.002917,0.013882
252.75,0.003038,0.014626
253.00,0.003162,0.015401
253.25,0.003291,0.016208
253.50,0.003423,0.017047
253.75,0.003560,0.017920
254.00,0.003700,0.018828
254.25,0.003845,0.019771
254.50,0.003995,0.020751
254.75,0.004148,0.021769
255.00,0.004306,0.022826
255.25,0.004469,0.023923
255.50,0.004635,0.025061
255.75,0.004807,0.026241
256.00,0.004983,0.027465
256.25,0.005164,0.028733
256.50,0.005349,0.030047
256.75,0.005539,0.031408
257.00,0.005734,0.032818
257.25,0.005934,0.034276
257.50,0.006139,0.035786
257.75,0.006349,0.037347
258.00,0.006564,0.038961
258.25,0.006784,0.040629
258.50,0.007009,0.042354
258.75,0.007239,0.044135
259.00,0.007475,0.045974
259.25,0.007715,0.047873
259.50,0.007961,0.049833
259.75,0.008212,0.051855
260.00,0.008468,0.053940
260.25,0.008730,0.056090
260.50,0.008996,0.058306
260.75,0.009268,0.060589
261.00,0.009545,0.062940
261.25,0.009826,0.065362
261.50,0.010113,0.067855
261.75,0.010404,0.070419
262.00,0.010701,0.073058
262.25,0.011002,0.075771
262.50,0.011307,0.078559
262.75,0.011618,0.081425
263.00,0.011932,0.084369
263.25,0.012251,0.087392
263.50,0.012575,0.090496
263.75,0.012902,0.093681
264.00,0.013233,0.096948
264.25,0.013568,0.100298
264.50,0.013907,0.103733
264.75,0.014250,0.107253
265.00,0.014596,0.110858
265.25,0.014945,0.114551
265.50,0.015297,0.118332
265.75,0.015652,0.122200
266.00,0.016009,0.126158
266.25,0.016369,0.130206
266.50,0.016732,0.134344
266.75,0.017096,0.138573
267.00,0.017462,0.142893
267.25,0.017830,0.147304
267.50,0.018199,0.151808
267.75,0.018569,0.156405
268.00,0.018940,0.161094
268.25,0.019312,0.165875
268.50,0.019683,0.170750
268.75,0.020055,0.175718
269.00,0.020426,0.180778
269.25,0.020797,0.185932
269.50,0.021167,0.191177
269.75,0.021536,0.196516
270.00,0.021903,0.201946
270.25,0.022269,0.207468
270.50,0.022633,0.213081
270.75,0.022994,0.218785
271.00,0.023353,0.224578
271.25,0.023709,0.230462
271.50,0.024062,0.236433
271.75,0.024412,0.242493
272.00,0.024758,0.248639
272.25,0.025100,0.254872
272.50,0.025438,0.261189
272.75,0.025771,0.267591
273.00,0.026100,0.274075
273.25,0.026423,0.280641
273.50,0.026742,0.287287
273.75,0.027055,0.294012
274.00,0.027362,0.300815
274.25,0.027663,0.307693
274.50,0.027958,0.314646
274.75,0.028246,0.321672
275.00,0.028528,0.328770
275.25,0.028802,0.335936
275.50,0.029069,0.343170
275.75,0.029328,0.350470
276.00,0.029579,0.357834
276.25,0.029822,0.365260
276.50,0.030057,0.372745
276.75,0.030283,0.380288
277.00,0.030500,0.387886
277.25,0.030709,0.395538
277.50,0.030908,0.403241
277.75,0.031097,0.410992
278.00,0.031277,0.418789
278.25,0.031447,0.426630
278.50,0.031607,0.434512
278.75,0.031756,0.442433
279.00,0.031895,0.450390
279.25,0.032024,0.458380
279.50,0.032142,0.466402
279.75,0.032249,0.474451
280.00,0.032345,0.482526
280.25,0.032431,0.490623
280.50,0.032505,0.498741
280.75,0.032567,0.506875
281.00,0.032619,0.515024
281.25,0.032659,0.523184
281.50,0.032687,0.531353
281.75,0.032705,0.539527
282.00,0.032710,0.547705
282.25,0.032705,0.555882
282.50,0.032687,0.564057
282.75,0.032659,0.572226
283.00,0.032619,0.580386
283.25,0.032567,0.588535
283.50,0.032505,0.596669
283.75,0.032431,0.604786
284.00,0.032345,0.612884
284.25,0.032249,0.620959
284.50,0.032142,0.629008
284.75,0.032024,0.637029
285.00,0.031895,0.645020
285.25,0.031756,0.652977
285.50,0.031606,0.660897
285.75,0.031446,0.668779
286.00,0.031276,0.676620
286.25,0.031096,0.684417
286.50,0.030906,0.692168
286.75,0.030707,0.699870
287.00,0.030498,0.707521
287.25,0.030280,0.715119
287.50,0.030053,0.722661
287.75,0.029818,0.730146
288.00,0.029573,0.737570
288.25,0.029320,0.744932
288.50,0.029059,0.752230
288.75,0.028789,0.759461
289.00,0.028512,0.766624
289.25,0.028226,0.773717
289.50,0.027933,0.780737
289.75,0.027632,0.787683
290.00,0.027323,0.794553
290.25,0.027006,0.801345
290.50,0.026682,0.808056
290.75,0.026350,0.814686
291.00,0.026011,0.821231
291.25,0.025663,0.827691
291.50,0.025307,0.834062
291.75,0.024943,0.840344
292.00,0.024570,0.846533
292.25,0.024188,0.852628
292.50,0.023797,0.858627
292.75,0.023396,0.864526
293.00,0.022986,0.870324
293.25,0.022565,0.876018
293.50,0.022133,0.881606
293.75,0.021690,0.887084
294.00,0.021236,0.892450
294.25,0.020770,0.897702
294.50,0.020293,0.902835
294.75,0.019803,0.907847
295.00,0.019301,0.912735
295.25,0.018786,0.917496
295.50,0.018260,0.922128
295.75,0.017721,0.926625
296.00,0.017172,0.930987
296.25,0.016611,0.935210
296.50,0.016040,0.939292
296.75,0.015459,0.943230
297.00,0.014870,0.947021
297.25,0.014275,0.950664
297.50,0.013673,0.954158
297.75,0.013067,0.957501
298.00,0.012459,0.960692
298.25,0.011849,0.963730
298.50,0.011241,0.966617
298.75,0.010636,0.969352
299.00,0.010036,0.971936
299.25,0.009444,0.974371
299.50,0.008860,0.976659
299.75,0.008288,0.978803
300.00,0.007728,0.980805
300.25,0.007184,0.982669
300.50,0.006657,0.984399
300.75,0.006148,0.986000
301.00,0.005658,0.987476
301.25,0.005190,0.988832
301.50,0.004743,0.990074
301.75,0.004320,0.991207
302.00,0.003920,0.992237
302.25,0.003544,0.993170
302.50,0.003192,0.994012
302.75,0.002863,0.994769
303.00,0.002559,0.995446
303.25,0.002278,0.996051
303.50,0.002020,0.996588
303.75,0.001784,0.997064
304.00,0.001569,0.997483
304.25,0.001374,0.997851
304.50,0.001199,0.998172
304.75,0.001041,0.998452
305.00,0.000901,0.998695
305.25,0.000776,0.998905
305.50,0.000665,0.999085
305.75,0.000568,0.999239
306.00,0.000483,0.999370
306.25,0.000409,0.999482
306.50,0.000344,0.999576
306.75,0.000289,0.999655
307.00,0.000241,0.999721
307.25,0.000201,0.999776
307.50,0.000166,0.999822
307.75,0.000137,0.999860
308.00,0.000112,0.999891
308.25,0.000092,0.999917
308.50,0.000074,0.999937
308.75,0.000060,0.999954
309.00,0.000048,0.999968
309.25,0.000039,0.999979
309.50,0.000031,0.999988
309.75,0.000025,0.999994
310.00,0.000019,1.000000
